Training Classes,Metrics,ProGAN,StyleGAN,BigGAN,CycleGAN,StarGAN,GauGAN,CRN,IMLE,SITD,SAN,DeepFake,StyleGAN2,Whichfaceisreal,mAP(mean Average Precision)
1,Accuracy,0.80425,0.5219495911,0.52675,0.6124148372,0.58004002,0.5449,0.5365089314,0.5680037606,0.575,0.5273972603,0.5097132285,0.5123309965,0.502,0.5631737404
1,Avg Precision,0.9728522685,0.7073263548,0.656408311,0.8559367581,0.8364330301,0.8411573479,0.9061048455,0.9585468321,0.6842257096,0.5621723013,0.6152030867,0.6371878851,0.5901296041,0.7556680258
3,Accuracy,0.928875,0.5476548156,0.51725,0.6866010598,0.6625812906,0.622,0.6295832028,0.7817298652,0.7222222222,0.50456621,0.5191489362,0.5248497747,0.6195,0.6358894136
3,Avg Precision,0.9956857817,0.8697977039,0.7211204318,0.9058420484,0.8994392068,0.9383659032,0.9627024299,0.9894784473,0.7927950189,0.5903214756,0.613959178,0.7877579329,0.8613755047,0.8406646972
5,Accuracy,0.977375,0.6023201469,0.54375,0.7108251325,0.7083541771,0.6736,0.6225321216,0.7440457537,0.6833333333,0.497716895,0.513413506,0.526977967,0.607,0.6470187718
5,Avg Precision,0.9984525573,0.9526830379,0.8088701782,0.9269493029,0.9208146783,0.9621299622,0.9787728989,0.9947204722,0.8345401325,0.6276014018,0.6058929992,0.850303794,0.886694401,0.872955832